FREQ	Frequenza	REF_AREA	Territorio di origine	DATA_TYPE	Indicatore	CITIZENSHIP	Cittadinanza	SEX	Sesso	AGE	Età	COUNTRY_NEXT_RESID	Stato estero di  destinazione	TIME_PERIOD	Osservazione	OBS_STATUS	'Stato dell"'osservazione'
A	Annuale	IT	Italia	TDEREG	Cancellati  in anagrafe	IT	Italia	9	Totale	TOTAL	Totale	X1033	Mondo	2022	99510		
A	Annuale	IT	Italia	TDEREG	Cancellati  in anagrafe	IT	Italia	9	Totale	TOTAL	Totale	X1013	Europa	2022	79212		
A	Annuale	IT	Italia	TDEREG	Cancellati  in anagrafe	IT	Italia	9	Totale	TOTAL	Totale	AL	Albania	2022	387		
A	Annuale	IT	Italia	TDEREG	Cancellati  in anagrafe	IT	Italia	9	Totale	TOTAL	Totale	AD	Andorra	2022	2		
A	Annuale	IT	Italia	TDEREG	Cancellati  in anagrafe	IT	Italia	9	Totale	TOTAL	Totale	AT	Austria	2022	2292		
A	Annuale	IT	Italia	TDEREG	Cancellati  in anagrafe	IT	Italia	9	Totale	TOTAL	Totale	BE	Belgio	2022	3094		
A	Annuale	IT	Italia	TDEREG	Cancellati  in anagrafe	IT	Italia	9	Totale	TOTAL	Totale	BY	Bielorussia	2022	26		
A	Annuale	IT	Italia	TDEREG	Cancellati  in anagrafe	IT	Italia	9	Totale	TOTAL	Totale	BA	Bosnia-Erzegovina	2022	50		
A	Annuale	IT	Italia	TDEREG	Cancellati  in anagrafe	IT	Italia	9	Totale	TOTAL	Totale	BG	Bulgaria	2022	191		
A	Annuale	IT	Italia	TDEREG	Cancellati  in anagrafe	IT	Italia	9	Totale	TOTAL	Totale	CZ	Ceca, Repubblica	2022	460		
A	Annuale	IT	Italia	TDEREG	Cancellati  in anagrafe	IT	Italia	9	Totale	TOTAL	Totale	CY	Cipro	2022	76		
A	Annuale	IT	Italia	TDEREG	Cancellati  in anagrafe	IT	Italia	9	Totale	TOTAL	Totale	HR	Croazia	2022	335		
A	Annuale	IT	Italia	TDEREG	Cancellati  in anagrafe	IT	Italia	9	Totale	TOTAL	Totale	DK	Danimarca	2022	783		
A	Annuale	IT	Italia	TDEREG	Cancellati  in anagrafe	IT	Italia	9	Totale	TOTAL	Totale	EE	Estonia	2022	63		
A	Annuale	IT	Italia	TDEREG	Cancellati  in anagrafe	IT	Italia	9	Totale	TOTAL	Totale	FI	Finlandia	2022	240		
A	Annuale	IT	Italia	TDEREG	Cancellati  in anagrafe	IT	Italia	9	Totale	TOTAL	Totale	FR	Francia	2022	10639		
A	Annuale	IT	Italia	TDEREG	Cancellati  in anagrafe	IT	Italia	9	Totale	TOTAL	Totale	DE	Germania	2022	14199		
A	Annuale	IT	Italia	TDEREG	Cancellati  in anagrafe	IT	Italia	9	Totale	TOTAL	Totale	GR	Grecia	2022	354		
A	Annuale	IT	Italia	TDEREG	Cancellati  in anagrafe	IT	Italia	9	Totale	TOTAL	Totale	IE	Irlanda	2022	1612		
A	Annuale	IT	Italia	TDEREG	Cancellati  in anagrafe	IT	Italia	9	Totale	TOTAL	Totale	IS	Islanda	2022	51		
A	Annuale	IT	Italia	TDEREG	Cancellati  in anagrafe	IT	Italia	9	Totale	TOTAL	Totale	X95	Kosovo	2022	20		
A	Annuale	IT	Italia	TDEREG	Cancellati  in anagrafe	IT	Italia	9	Totale	TOTAL	Totale	LV	Lettonia	2022	36		
A	Annuale	IT	Italia	TDEREG	Cancellati  in anagrafe	IT	Italia	9	Totale	TOTAL	Totale	LI	Liechtenstein	2022	8		
A	Annuale	IT	Italia	TDEREG	Cancellati  in anagrafe	IT	Italia	9	Totale	TOTAL	Totale	LT	Lituania	2022	70		
A	Annuale	IT	Italia	TDEREG	Cancellati  in anagrafe	IT	Italia	9	Totale	TOTAL	Totale	LU	Lussemburgo	2022	1091		
A	Annuale	IT	Italia	TDEREG	Cancellati  in anagrafe	IT	Italia	9	Totale	TOTAL	Totale	MK	Macedonia, Ex Repubblica Jugoslava di	2022	72		
A	Annuale	IT	Italia	TDEREG	Cancellati  in anagrafe	IT	Italia	9	Totale	TOTAL	Totale	MT	Malta	2022	1010		
A	Annuale	IT	Italia	TDEREG	Cancellati  in anagrafe	IT	Italia	9	Totale	TOTAL	Totale	MD	Moldova	2022	87		
A	Annuale	IT	Italia	TDEREG	Cancellati  in anagrafe	IT	Italia	9	Totale	TOTAL	Totale	MC	Monaco	2022	118		
A	Annuale	IT	Italia	TDEREG	Cancellati  in anagrafe	IT	Italia	9	Totale	TOTAL	Totale	ME	Montenegro	2022	18		
A	Annuale	IT	Italia	TDEREG	Cancellati  in anagrafe	IT	Italia	9	Totale	TOTAL	Totale	NO	Norvegia	2022	435		
A	Annuale	IT	Italia	TDEREG	Cancellati  in anagrafe	IT	Italia	9	Totale	TOTAL	Totale	NL	Paesi Bassi	2022	3304		
A	Annuale	IT	Italia	TDEREG	Cancellati  in anagrafe	IT	Italia	9	Totale	TOTAL	Totale	PL	Polonia	2022	585		
A	Annuale	IT	Italia	TDEREG	Cancellati  in anagrafe	IT	Italia	9	Totale	TOTAL	Totale	PT	Portogallo	2022	1203		
A	Annuale	IT	Italia	TDEREG	Cancellati  in anagrafe	IT	Italia	9	Totale	TOTAL	Totale	GB	Regno Unito	2022	17063		
A	Annuale	IT	Italia	TDEREG	Cancellati  in anagrafe	IT	Italia	9	Totale	TOTAL	Totale	RO	Romania	2022	864		
A	Annuale	IT	Italia	TDEREG	Cancellati  in anagrafe	IT	Italia	9	Totale	TOTAL	Totale	RU	Russa, Federazione	2022	281		
A	Annuale	IT	Italia	TDEREG	Cancellati  in anagrafe	IT	Italia	9	Totale	TOTAL	Totale	SM	San Marino	2022	248		
A	Annuale	IT	Italia	TDEREG	Cancellati  in anagrafe	IT	Italia	9	Totale	TOTAL	Totale	RS	Serbia, Repubblica di	2022	109		
A	Annuale	IT	Italia	TDEREG	Cancellati  in anagrafe	IT	Italia	9	Totale	TOTAL	Totale	SK	Slovacchia	2022	118		
A	Annuale	IT	Italia	TDEREG	Cancellati  in anagrafe	IT	Italia	9	Totale	TOTAL	Totale	SI	Slovenia	2022	191		
A	Annuale	IT	Italia	TDEREG	Cancellati  in anagrafe	IT	Italia	9	Totale	TOTAL	Totale	ES	Spagna	2022	6542		
A	Annuale	IT	Italia	TDEREG	Cancellati  in anagrafe	IT	Italia	9	Totale	TOTAL	Totale	SE	Svezia	2022	644		
A	Annuale	IT	Italia	TDEREG	Cancellati  in anagrafe	IT	Italia	9	Totale	TOTAL	Totale	CH	Svizzera	2022	9808		
A	Annuale	IT	Italia	TDEREG	Cancellati  in anagrafe	IT	Italia	9	Totale	TOTAL	Totale	TR	Turchia	2022	144		
A	Annuale	IT	Italia	TDEREG	Cancellati  in anagrafe	IT	Italia	9	Totale	TOTAL	Totale	UA	Ucraina	2022	34		
A	Annuale	IT	Italia	TDEREG	Cancellati  in anagrafe	IT	Italia	9	Totale	TOTAL	Totale	HU	Ungheria	2022	255		
A	Annuale	IT	Italia	TDEREG	Cancellati  in anagrafe	IT	Italia	9	Totale	TOTAL	Totale	X1038	Unione europea 27	2022	50251		
A	Annuale	IT	Italia	TDEREG	Cancellati  in anagrafe	IT	Italia	9	Totale	TOTAL	Totale	X1039	Extra Ue27	2022	28961		
A	Annuale	IT	Italia	TDEREG	Cancellati  in anagrafe	IT	Italia	9	Totale	TOTAL	Totale	X1016	Africa	2022	1891		
A	Annuale	IT	Italia	TDEREG	Cancellati  in anagrafe	IT	Italia	9	Totale	TOTAL	Totale	DZ	Algeria	2022	30		
A	Annuale	IT	Italia	TDEREG	Cancellati  in anagrafe	IT	Italia	9	Totale	TOTAL	Totale	AO	Angola	2022	4		
A	Annuale	IT	Italia	TDEREG	Cancellati  in anagrafe	IT	Italia	9	Totale	TOTAL	Totale	BJ	Benin (ex Dahomey)	2022	6		
A	Annuale	IT	Italia	TDEREG	Cancellati  in anagrafe	IT	Italia	9	Totale	TOTAL	Totale	BF	Burkina Faso (ex Alto Volta)	2022	9		
A	Annuale	IT	Italia	TDEREG	Cancellati  in anagrafe	IT	Italia	9	Totale	TOTAL	Totale	BI	Burundi	2022	1		
A	Annuale	IT	Italia	TDEREG	Cancellati  in anagrafe	IT	Italia	9	Totale	TOTAL	Totale	CM	Camerun	2022	11		
A	Annuale	IT	Italia	TDEREG	Cancellati  in anagrafe	IT	Italia	9	Totale	TOTAL	Totale	CV	Capo Verde	2022	16		
A	Annuale	IT	Italia	TDEREG	Cancellati  in anagrafe	IT	Italia	9	Totale	TOTAL	Totale	CF	Centrafricana, Repubblica	2022	2		
A	Annuale	IT	Italia	TDEREG	Cancellati  in anagrafe	IT	Italia	9	Totale	TOTAL	Totale	TD	Ciad	2022	2		
A	Annuale	IT	Italia	TDEREG	Cancellati  in anagrafe	IT	Italia	9	Totale	TOTAL	Totale	KM	Comore	2022	1		
A	Annuale	IT	Italia	TDEREG	Cancellati  in anagrafe	IT	Italia	9	Totale	TOTAL	Totale	CG	Congo (Repubblica del)	2022	16		
A	Annuale	IT	Italia	TDEREG	Cancellati  in anagrafe	IT	Italia	9	Totale	TOTAL	Totale	CD	Congo, Repubblica democratica del (ex Zaire)	2022	7		
A	Annuale	IT	Italia	TDEREG	Cancellati  in anagrafe	IT	Italia	9	Totale	TOTAL	Totale	CI	'Costa d"'Avorio'	2022	17		
A	Annuale	IT	Italia	TDEREG	Cancellati  in anagrafe	IT	Italia	9	Totale	TOTAL	Totale	EG	Egitto	2022	216		
A	Annuale	IT	Italia	TDEREG	Cancellati  in anagrafe	IT	Italia	9	Totale	TOTAL	Totale	ER	Eritrea	2022	2		
A	Annuale	IT	Italia	TDEREG	Cancellati  in anagrafe	IT	Italia	9	Totale	TOTAL	Totale	ET	Etiopia	2022	18		
A	Annuale	IT	Italia	TDEREG	Cancellati  in anagrafe	IT	Italia	9	Totale	TOTAL	Totale	GA	Gabon	2022	1		
A	Annuale	IT	Italia	TDEREG	Cancellati  in anagrafe	IT	Italia	9	Totale	TOTAL	Totale	GH	Ghana	2022	46		
A	Annuale	IT	Italia	TDEREG	Cancellati  in anagrafe	IT	Italia	9	Totale	TOTAL	Totale	DJ	Gibuti	2022	3		
A	Annuale	IT	Italia	TDEREG	Cancellati  in anagrafe	IT	Italia	9	Totale	TOTAL	Totale	GN	Guinea	2022	1		
A	Annuale	IT	Italia	TDEREG	Cancellati  in anagrafe	IT	Italia	9	Totale	TOTAL	Totale	GW	Guinea-Bissau	2022	4		
A	Annuale	IT	Italia	TDEREG	Cancellati  in anagrafe	IT	Italia	9	Totale	TOTAL	Totale	KE	Kenya	2022	87		
A	Annuale	IT	Italia	TDEREG	Cancellati  in anagrafe	IT	Italia	9	Totale	TOTAL	Totale	LY	Libia	2022	8		
A	Annuale	IT	Italia	TDEREG	Cancellati  in anagrafe	IT	Italia	9	Totale	TOTAL	Totale	MG	Madagascar	2022	27		
A	Annuale	IT	Italia	TDEREG	Cancellati  in anagrafe	IT	Italia	9	Totale	TOTAL	Totale	MW	Malawi	2022	4		
A	Annuale	IT	Italia	TDEREG	Cancellati  in anagrafe	IT	Italia	9	Totale	TOTAL	Totale	ML	Mali	2022	2		
A	Annuale	IT	Italia	TDEREG	Cancellati  in anagrafe	IT	Italia	9	Totale	TOTAL	Totale	MA	Marocco	2022	338		
A	Annuale	IT	Italia	TDEREG	Cancellati  in anagrafe	IT	Italia	9	Totale	TOTAL	Totale	MU	Mauritius	2022	27		
A	Annuale	IT	Italia	TDEREG	Cancellati  in anagrafe	IT	Italia	9	Totale	TOTAL	Totale	MZ	Mozambico	2022	27		
A	Annuale	IT	Italia	TDEREG	Cancellati  in anagrafe	IT	Italia	9	Totale	TOTAL	Totale	NA	Namibia	2022	1		
A	Annuale	IT	Italia	TDEREG	Cancellati  in anagrafe	IT	Italia	9	Totale	TOTAL	Totale	NE	Niger	2022	3		
A	Annuale	IT	Italia	TDEREG	Cancellati  in anagrafe	IT	Italia	9	Totale	TOTAL	Totale	NG	Nigeria	2022	67		
A	Annuale	IT	Italia	TDEREG	Cancellati  in anagrafe	IT	Italia	9	Totale	TOTAL	Totale	RW	Ruanda	2022	1		
A	Annuale	IT	Italia	TDEREG	Cancellati  in anagrafe	IT	Italia	9	Totale	TOTAL	Totale	SN	Senegal	2022	139		
A	Annuale	IT	Italia	TDEREG	Cancellati  in anagrafe	IT	Italia	9	Totale	TOTAL	Totale	SC	Seychelles	2022	17		
A	Annuale	IT	Italia	TDEREG	Cancellati  in anagrafe	IT	Italia	9	Totale	TOTAL	Totale	SL	Sierra Leone	2022	1		
A	Annuale	IT	Italia	TDEREG	Cancellati  in anagrafe	IT	Italia	9	Totale	TOTAL	Totale	SO	Somalia	2022	4		
A	Annuale	IT	Italia	TDEREG	Cancellati  in anagrafe	IT	Italia	9	Totale	TOTAL	Totale	ZA	Sudafrica	2022	68		
A	Annuale	IT	Italia	TDEREG	Cancellati  in anagrafe	IT	Italia	9	Totale	TOTAL	Totale	SD	Sudan	2022	6		
A	Annuale	IT	Italia	TDEREG	Cancellati  in anagrafe	IT	Italia	9	Totale	TOTAL	Totale	XSD_S	Sud Sudan, Repubblica del	2022	2		
A	Annuale	IT	Italia	TDEREG	Cancellati  in anagrafe	IT	Italia	9	Totale	TOTAL	Totale	SZ	Swaziland	2022	1		
A	Annuale	IT	Italia	TDEREG	Cancellati  in anagrafe	IT	Italia	9	Totale	TOTAL	Totale	TZ	Tanzania	2022	45		
A	Annuale	IT	Italia	TDEREG	Cancellati  in anagrafe	IT	Italia	9	Totale	TOTAL	Totale	TG	Togo	2022	4		
A	Annuale	IT	Italia	TDEREG	Cancellati  in anagrafe	IT	Italia	9	Totale	TOTAL	Totale	TN	Tunisia	2022	573		
A	Annuale	IT	Italia	TDEREG	Cancellati  in anagrafe	IT	Italia	9	Totale	TOTAL	Totale	UG	Uganda	2022	14		
A	Annuale	IT	Italia	TDEREG	Cancellati  in anagrafe	IT	Italia	9	Totale	TOTAL	Totale	ZM	Zambia	2022	11		
A	Annuale	IT	Italia	TDEREG	Cancellati  in anagrafe	IT	Italia	9	Totale	TOTAL	Totale	ZW	Zimbabwe (ex Rhodesia)	2022	1		
A	Annuale	IT	Italia	TDEREG	Cancellati  in anagrafe	IT	Italia	9	Totale	TOTAL	Totale	X1022	Asia	2022	3651		
A	Annuale	IT	Italia	TDEREG	Cancellati  in anagrafe	IT	Italia	9	Totale	TOTAL	Totale	AF	Afghanistan	2022	6		
A	Annuale	IT	Italia	TDEREG	Cancellati  in anagrafe	IT	Italia	9	Totale	TOTAL	Totale	SA	Arabia Saudita	2022	138		
A	Annuale	IT	Italia	TDEREG	Cancellati  in anagrafe	IT	Italia	9	Totale	TOTAL	Totale	AM	Armenia	2022	8		
A	Annuale	IT	Italia	TDEREG	Cancellati  in anagrafe	IT	Italia	9	Totale	TOTAL	Totale	AZ	Azerbaigian	2022	4		
A	Annuale	IT	Italia	TDEREG	Cancellati  in anagrafe	IT	Italia	9	Totale	TOTAL	Totale	BH	Bahrain	2022	45		
A	Annuale	IT	Italia	TDEREG	Cancellati  in anagrafe	IT	Italia	9	Totale	TOTAL	Totale	BD	Bangladesh	2022	46		
A	Annuale	IT	Italia	TDEREG	Cancellati  in anagrafe	IT	Italia	9	Totale	TOTAL	Totale	BN	Brunei	2022	2		
A	Annuale	IT	Italia	TDEREG	Cancellati  in anagrafe	IT	Italia	9	Totale	TOTAL	Totale	KH	Cambogia	2022	25		
A	Annuale	IT	Italia	TDEREG	Cancellati  in anagrafe	IT	Italia	9	Totale	TOTAL	Totale	CN	Cina, Repubblica Popolare	2022	437		
A	Annuale	IT	Italia	TDEREG	Cancellati  in anagrafe	IT	Italia	9	Totale	TOTAL	Totale	KR	Corea, Repubblica (Corea del Sud)	2022	83		
A	Annuale	IT	Italia	TDEREG	Cancellati  in anagrafe	IT	Italia	9	Totale	TOTAL	Totale	AE	Emirati Arabi Uniti	2022	1060		
A	Annuale	IT	Italia	TDEREG	Cancellati  in anagrafe	IT	Italia	9	Totale	TOTAL	Totale	PH	Filippine	2022	91		
A	Annuale	IT	Italia	TDEREG	Cancellati  in anagrafe	IT	Italia	9	Totale	TOTAL	Totale	GE	Georgia	2022	15		
A	Annuale	IT	Italia	TDEREG	Cancellati  in anagrafe	IT	Italia	9	Totale	TOTAL	Totale	JP	Giappone	2022	340		
A	Annuale	IT	Italia	TDEREG	Cancellati  in anagrafe	IT	Italia	9	Totale	TOTAL	Totale	JO	Giordania	2022	42		
A	Annuale	IT	Italia	TDEREG	Cancellati  in anagrafe	IT	Italia	9	Totale	TOTAL	Totale	IN	India	2022	111		
A	Annuale	IT	Italia	TDEREG	Cancellati  in anagrafe	IT	Italia	9	Totale	TOTAL	Totale	ID	Indonesia	2022	74		
A	Annuale	IT	Italia	TDEREG	Cancellati  in anagrafe	IT	Italia	9	Totale	TOTAL	Totale	IR	'Iran, Repubblica islamica dell"''	2022	20		
A	Annuale	IT	Italia	TDEREG	Cancellati  in anagrafe	IT	Italia	9	Totale	TOTAL	Totale	IQ	Iraq	2022	26		
A	Annuale	IT	Italia	TDEREG	Cancellati  in anagrafe	IT	Italia	9	Totale	TOTAL	Totale	IL	Israele	2022	75		
A	Annuale	IT	Italia	TDEREG	Cancellati  in anagrafe	IT	Italia	9	Totale	TOTAL	Totale	KZ	Kazakhstan	2022	29		
A	Annuale	IT	Italia	TDEREG	Cancellati  in anagrafe	IT	Italia	9	Totale	TOTAL	Totale	KG	Kirghizistan	2022	6		
A	Annuale	IT	Italia	TDEREG	Cancellati  in anagrafe	IT	Italia	9	Totale	TOTAL	Totale	KW	Kuwait	2022	111		
A	Annuale	IT	Italia	TDEREG	Cancellati  in anagrafe	IT	Italia	9	Totale	TOTAL	Totale	LA	Laos	2022	4		
A	Annuale	IT	Italia	TDEREG	Cancellati  in anagrafe	IT	Italia	9	Totale	TOTAL	Totale	LB	Libano	2022	30		
A	Annuale	IT	Italia	TDEREG	Cancellati  in anagrafe	IT	Italia	9	Totale	TOTAL	Totale	MY	Malaysia	2022	35		
A	Annuale	IT	Italia	TDEREG	Cancellati  in anagrafe	IT	Italia	9	Totale	TOTAL	Totale	MV	Maldive	2022	12		
A	Annuale	IT	Italia	TDEREG	Cancellati  in anagrafe	IT	Italia	9	Totale	TOTAL	Totale	MN	Mongolia	2022	4		
A	Annuale	IT	Italia	TDEREG	Cancellati  in anagrafe	IT	Italia	9	Totale	TOTAL	Totale	MM	Myanmar (Ex Birmania)	2022	6		
A	Annuale	IT	Italia	TDEREG	Cancellati  in anagrafe	IT	Italia	9	Totale	TOTAL	Totale	OM	Oman	2022	11		
A	Annuale	IT	Italia	TDEREG	Cancellati  in anagrafe	IT	Italia	9	Totale	TOTAL	Totale	PK	Pakistan	2022	36		
A	Annuale	IT	Italia	TDEREG	Cancellati  in anagrafe	IT	Italia	9	Totale	TOTAL	Totale	QA	Qatar	2022	210		
A	Annuale	IT	Italia	TDEREG	Cancellati  in anagrafe	IT	Italia	9	Totale	TOTAL	Totale	SG	Singapore	2022	107		
A	Annuale	IT	Italia	TDEREG	Cancellati  in anagrafe	IT	Italia	9	Totale	TOTAL	Totale	SY	Siria	2022	16		
A	Annuale	IT	Italia	TDEREG	Cancellati  in anagrafe	IT	Italia	9	Totale	TOTAL	Totale	LK	Sri Lanka (ex Ceylon)	2022	26		
A	Annuale	IT	Italia	TDEREG	Cancellati  in anagrafe	IT	Italia	9	Totale	TOTAL	Totale	TJ	Tagikistan	2022	7		
A	Annuale	IT	Italia	TDEREG	Cancellati  in anagrafe	IT	Italia	9	Totale	TOTAL	Totale	TW	Taiwan (ex Formosa)	2022	32		
A	Annuale	IT	Italia	TDEREG	Cancellati  in anagrafe	IT	Italia	9	Totale	TOTAL	Totale	PS	'Territori dell"'Autonomia Palestinese'	2022	1		
A	Annuale	IT	Italia	TDEREG	Cancellati  in anagrafe	IT	Italia	9	Totale	TOTAL	Totale	TH	Thailandia	2022	252		
A	Annuale	IT	Italia	TDEREG	Cancellati  in anagrafe	IT	Italia	9	Totale	TOTAL	Totale	TL	Timor-Leste	2022	1		
A	Annuale	IT	Italia	TDEREG	Cancellati  in anagrafe	IT	Italia	9	Totale	TOTAL	Totale	UZ	Uzbekistan	2022	13		
A	Annuale	IT	Italia	TDEREG	Cancellati  in anagrafe	IT	Italia	9	Totale	TOTAL	Totale	VN	Vietnam	2022	52		
A	Annuale	IT	Italia	TDEREG	Cancellati  in anagrafe	IT	Italia	9	Totale	TOTAL	Totale	YE	Yemen	2022	2		
A	Annuale	IT	Italia	TDEREG	Cancellati  in anagrafe	IT	Italia	9	Totale	TOTAL	Totale	X1019	America	2022	12660		
A	Annuale	IT	Italia	TDEREG	Cancellati  in anagrafe	IT	Italia	9	Totale	TOTAL	Totale	AG	Antigua e Barbuda	2022	1		
A	Annuale	IT	Italia	TDEREG	Cancellati  in anagrafe	IT	Italia	9	Totale	TOTAL	Totale	AR	Argentina	2022	1347		
A	Annuale	IT	Italia	TDEREG	Cancellati  in anagrafe	IT	Italia	9	Totale	TOTAL	Totale	BS	Bahamas	2022	9		
A	Annuale	IT	Italia	TDEREG	Cancellati  in anagrafe	IT	Italia	9	Totale	TOTAL	Totale	BB	Barbados	2022	5		
A	Annuale	IT	Italia	TDEREG	Cancellati  in anagrafe	IT	Italia	9	Totale	TOTAL	Totale	BZ	Belize	2022	1		
A	Annuale	IT	Italia	TDEREG	Cancellati  in anagrafe	IT	Italia	9	Totale	TOTAL	Totale	BO	Bolivia	2022	45		
A	Annuale	IT	Italia	TDEREG	Cancellati  in anagrafe	IT	Italia	9	Totale	TOTAL	Totale	BR	Brasile	2022	3693		
A	Annuale	IT	Italia	TDEREG	Cancellati  in anagrafe	IT	Italia	9	Totale	TOTAL	Totale	CA	Canada	2022	1113		
A	Annuale	IT	Italia	TDEREG	Cancellati  in anagrafe	IT	Italia	9	Totale	TOTAL	Totale	CL	Cile	2022	102		
A	Annuale	IT	Italia	TDEREG	Cancellati  in anagrafe	IT	Italia	9	Totale	TOTAL	Totale	CO	Colombia	2022	162		
A	Annuale	IT	Italia	TDEREG	Cancellati  in anagrafe	IT	Italia	9	Totale	TOTAL	Totale	CR	Costa Rica	2022	78		
A	Annuale	IT	Italia	TDEREG	Cancellati  in anagrafe	IT	Italia	9	Totale	TOTAL	Totale	CU	Cuba	2022	70		
A	Annuale	IT	Italia	TDEREG	Cancellati  in anagrafe	IT	Italia	9	Totale	TOTAL	Totale	DO	Dominicana, Repubblica	2022	236		
A	Annuale	IT	Italia	TDEREG	Cancellati  in anagrafe	IT	Italia	9	Totale	TOTAL	Totale	EC	Ecuador	2022	113		
A	Annuale	IT	Italia	TDEREG	Cancellati  in anagrafe	IT	Italia	9	Totale	TOTAL	Totale	SV	El Salvador	2022	27		
A	Annuale	IT	Italia	TDEREG	Cancellati  in anagrafe	IT	Italia	9	Totale	TOTAL	Totale	JM	Giamaica	2022	9		
A	Annuale	IT	Italia	TDEREG	Cancellati  in anagrafe	IT	Italia	9	Totale	TOTAL	Totale	GT	Guatemala	2022	27		
A	Annuale	IT	Italia	TDEREG	Cancellati  in anagrafe	IT	Italia	9	Totale	TOTAL	Totale	HT	Haiti	2022	1		
A	Annuale	IT	Italia	TDEREG	Cancellati  in anagrafe	IT	Italia	9	Totale	TOTAL	Totale	HN	Honduras	2022	10		
A	Annuale	IT	Italia	TDEREG	Cancellati  in anagrafe	IT	Italia	9	Totale	TOTAL	Totale	MX	Messico	2022	274		
A	Annuale	IT	Italia	TDEREG	Cancellati  in anagrafe	IT	Italia	9	Totale	TOTAL	Totale	NI	Nicaragua	2022	23		
A	Annuale	IT	Italia	TDEREG	Cancellati  in anagrafe	IT	Italia	9	Totale	TOTAL	Totale	PA	Panama	2022	97		
A	Annuale	IT	Italia	TDEREG	Cancellati  in anagrafe	IT	Italia	9	Totale	TOTAL	Totale	PY	Paraguay	2022	21		
A	Annuale	IT	Italia	TDEREG	Cancellati  in anagrafe	IT	Italia	9	Totale	TOTAL	Totale	PE	Perù	2022	247		
A	Annuale	IT	Italia	TDEREG	Cancellati  in anagrafe	IT	Italia	9	Totale	TOTAL	Totale	LC	Saint Lucia	2022	2		
A	Annuale	IT	Italia	TDEREG	Cancellati  in anagrafe	IT	Italia	9	Totale	TOTAL	Totale	US	'Stati Uniti d"'America'	2022	4577		
A	Annuale	IT	Italia	TDEREG	Cancellati  in anagrafe	IT	Italia	9	Totale	TOTAL	Totale	UY	Uruguay	2022	59		
A	Annuale	IT	Italia	TDEREG	Cancellati  in anagrafe	IT	Italia	9	Totale	TOTAL	Totale	VE	Venezuela	2022	311		
A	Annuale	IT	Italia	TDEREG	Cancellati  in anagrafe	IT	Italia	9	Totale	TOTAL	Totale	X1026	Oceania	2022	2096		
A	Annuale	IT	Italia	TDEREG	Cancellati  in anagrafe	IT	Italia	9	Totale	TOTAL	Totale	AU	Australia	2022	1925		
A	Annuale	IT	Italia	TDEREG	Cancellati  in anagrafe	IT	Italia	9	Totale	TOTAL	Totale	NZ	Nuova Zelanda	2022	167		
A	Annuale	IT	Italia	TDEREG	Cancellati  in anagrafe	IT	Italia	9	Totale	TOTAL	Totale	PG	Papua Nuova Guinea	2022	3		
A	Annuale	IT	Italia	TDEREG	Cancellati  in anagrafe	IT	Italia	9	Totale	TOTAL	Totale	SB	Salomone, Isole	2022	1		
A	Annuale	IT	Italia	TDEREG	Cancellati  in anagrafe	FOR	Paesi esteri	9	Totale	TOTAL	Totale	X1033	Mondo	2022	50679		
A	Annuale	IT	Italia	TDEREG	Cancellati  in anagrafe	FOR	Paesi esteri	9	Totale	TOTAL	Totale	X1013	Europa	2022	32328		
A	Annuale	IT	Italia	TDEREG	Cancellati  in anagrafe	FOR	Paesi esteri	9	Totale	TOTAL	Totale	AL	Albania	2022	1436		
A	Annuale	IT	Italia	TDEREG	Cancellati  in anagrafe	FOR	Paesi esteri	9	Totale	TOTAL	Totale	AT	Austria	2022	393		
A	Annuale	IT	Italia	TDEREG	Cancellati  in anagrafe	FOR	Paesi esteri	9	Totale	TOTAL	Totale	BE	Belgio	2022	400		
A	Annuale	IT	Italia	TDEREG	Cancellati  in anagrafe	FOR	Paesi esteri	9	Totale	TOTAL	Totale	BY	Bielorussia	2022	68		
A	Annuale	IT	Italia	TDEREG	Cancellati  in anagrafe	FOR	Paesi esteri	9	Totale	TOTAL	Totale	BA	Bosnia-Erzegovina	2022	118		
A	Annuale	IT	Italia	TDEREG	Cancellati  in anagrafe	FOR	Paesi esteri	9	Totale	TOTAL	Totale	BG	Bulgaria	2022	626		
A	Annuale	IT	Italia	TDEREG	Cancellati  in anagrafe	FOR	Paesi esteri	9	Totale	TOTAL	Totale	CZ	Ceca, Repubblica	2022	100		
A	Annuale	IT	Italia	TDEREG	Cancellati  in anagrafe	FOR	Paesi esteri	9	Totale	TOTAL	Totale	CY	Cipro	2022	6		
A	Annuale	IT	Italia	TDEREG	Cancellati  in anagrafe	FOR	Paesi esteri	9	Totale	TOTAL	Totale	HR	Croazia	2022	312		
A	Annuale	IT	Italia	TDEREG	Cancellati  in anagrafe	FOR	Paesi esteri	9	Totale	TOTAL	Totale	DK	Danimarca	2022	115		
A	Annuale	IT	Italia	TDEREG	Cancellati  in anagrafe	FOR	Paesi esteri	9	Totale	TOTAL	Totale	EE	Estonia	2022	20		
A	Annuale	IT	Italia	TDEREG	Cancellati  in anagrafe	FOR	Paesi esteri	9	Totale	TOTAL	Totale	FI	Finlandia	2022	94		
A	Annuale	IT	Italia	TDEREG	Cancellati  in anagrafe	FOR	Paesi esteri	9	Totale	TOTAL	Totale	FR	Francia	2022	2046		
A	Annuale	IT	Italia	TDEREG	Cancellati  in anagrafe	FOR	Paesi esteri	9	Totale	TOTAL	Totale	DE	Germania	2022	2921		
A	Annuale	IT	Italia	TDEREG	Cancellati  in anagrafe	FOR	Paesi esteri	9	Totale	TOTAL	Totale	GR	Grecia	2022	137		
A	Annuale	IT	Italia	TDEREG	Cancellati  in anagrafe	FOR	Paesi esteri	9	Totale	TOTAL	Totale	IE	Irlanda	2022	142		
A	Annuale	IT	Italia	TDEREG	Cancellati  in anagrafe	FOR	Paesi esteri	9	Totale	TOTAL	Totale	IS	Islanda	2022	19		
A	Annuale	IT	Italia	TDEREG	Cancellati  in anagrafe	FOR	Paesi esteri	9	Totale	TOTAL	Totale	X95	Kosovo	2022	125		
A	Annuale	IT	Italia	TDEREG	Cancellati  in anagrafe	FOR	Paesi esteri	9	Totale	TOTAL	Totale	LV	Lettonia	2022	26		
A	Annuale	IT	Italia	TDEREG	Cancellati  in anagrafe	FOR	Paesi esteri	9	Totale	TOTAL	Totale	LT	Lituania	2022	58		
A	Annuale	IT	Italia	TDEREG	Cancellati  in anagrafe	FOR	Paesi esteri	9	Totale	TOTAL	Totale	LU	Lussemburgo	2022	57		
A	Annuale	IT	Italia	TDEREG	Cancellati  in anagrafe	FOR	Paesi esteri	9	Totale	TOTAL	Totale	MK	Macedonia, Ex Repubblica Jugoslava di	2022	282		
A	Annuale	IT	Italia	TDEREG	Cancellati  in anagrafe	FOR	Paesi esteri	9	Totale	TOTAL	Totale	MT	Malta	2022	72		
A	Annuale	IT	Italia	TDEREG	Cancellati  in anagrafe	FOR	Paesi esteri	9	Totale	TOTAL	Totale	MD	Moldova	2022	1964		
A	Annuale	IT	Italia	TDEREG	Cancellati  in anagrafe	FOR	Paesi esteri	9	Totale	TOTAL	Totale	MC	Monaco	2022	15		
A	Annuale	IT	Italia	TDEREG	Cancellati  in anagrafe	FOR	Paesi esteri	9	Totale	TOTAL	Totale	ME	Montenegro	2022	4		
A	Annuale	IT	Italia	TDEREG	Cancellati  in anagrafe	FOR	Paesi esteri	9	Totale	TOTAL	Totale	NO	Norvegia	2022	59		
A	Annuale	IT	Italia	TDEREG	Cancellati  in anagrafe	FOR	Paesi esteri	9	Totale	TOTAL	Totale	NL	Paesi Bassi	2022	416		
A	Annuale	IT	Italia	TDEREG	Cancellati  in anagrafe	FOR	Paesi esteri	9	Totale	TOTAL	Totale	PL	Polonia	2022	1060		
A	Annuale	IT	Italia	TDEREG	Cancellati  in anagrafe	FOR	Paesi esteri	9	Totale	TOTAL	Totale	PT	Portogallo	2022	195		
A	Annuale	IT	Italia	TDEREG	Cancellati  in anagrafe	FOR	Paesi esteri	9	Totale	TOTAL	Totale	GB	Regno Unito	2022	2242		
A	Annuale	IT	Italia	TDEREG	Cancellati  in anagrafe	FOR	Paesi esteri	9	Totale	TOTAL	Totale	RO	Romania	2022	11099		
A	Annuale	IT	Italia	TDEREG	Cancellati  in anagrafe	FOR	Paesi esteri	9	Totale	TOTAL	Totale	RU	Russa, Federazione	2022	314		
A	Annuale	IT	Italia	TDEREG	Cancellati  in anagrafe	FOR	Paesi esteri	9	Totale	TOTAL	Totale	SM	San Marino	2022	14		
A	Annuale	IT	Italia	TDEREG	Cancellati  in anagrafe	FOR	Paesi esteri	9	Totale	TOTAL	Totale	RS	Serbia, Repubblica di	2022	272		
A	Annuale	IT	Italia	TDEREG	Cancellati  in anagrafe	FOR	Paesi esteri	9	Totale	TOTAL	Totale	SK	Slovacchia	2022	142		
A	Annuale	IT	Italia	TDEREG	Cancellati  in anagrafe	FOR	Paesi esteri	9	Totale	TOTAL	Totale	SI	Slovenia	2022	111		
A	Annuale	IT	Italia	TDEREG	Cancellati  in anagrafe	FOR	Paesi esteri	9	Totale	TOTAL	Totale	ES	Spagna	2022	954		
A	Annuale	IT	Italia	TDEREG	Cancellati  in anagrafe	FOR	Paesi esteri	9	Totale	TOTAL	Totale	SE	Svezia	2022	230		
A	Annuale	IT	Italia	TDEREG	Cancellati  in anagrafe	FOR	Paesi esteri	9	Totale	TOTAL	Totale	CH	Svizzera	2022	882		
A	Annuale	IT	Italia	TDEREG	Cancellati  in anagrafe	FOR	Paesi esteri	9	Totale	TOTAL	Totale	TR	Turchia	2022	135		
A	Annuale	IT	Italia	TDEREG	Cancellati  in anagrafe	FOR	Paesi esteri	9	Totale	TOTAL	Totale	UA	Ucraina	2022	2497		
A	Annuale	IT	Italia	TDEREG	Cancellati  in anagrafe	FOR	Paesi esteri	9	Totale	TOTAL	Totale	HU	Ungheria	2022	150		
A	Annuale	IT	Italia	TDEREG	Cancellati  in anagrafe	FOR	Paesi esteri	9	Totale	TOTAL	Totale	X1038	Unione europea 27	2022	21882		
A	Annuale	IT	Italia	TDEREG	Cancellati  in anagrafe	FOR	Paesi esteri	9	Totale	TOTAL	Totale	X1039	Extra Ue27	2022	10446		
A	Annuale	IT	Italia	TDEREG	Cancellati  in anagrafe	FOR	Paesi esteri	9	Totale	TOTAL	Totale	X1016	Africa	2022	7596		
A	Annuale	IT	Italia	TDEREG	Cancellati  in anagrafe	FOR	Paesi esteri	9	Totale	TOTAL	Totale	DZ	Algeria	2022	47		
A	Annuale	IT	Italia	TDEREG	Cancellati  in anagrafe	FOR	Paesi esteri	9	Totale	TOTAL	Totale	AO	Angola	2022	10		
A	Annuale	IT	Italia	TDEREG	Cancellati  in anagrafe	FOR	Paesi esteri	9	Totale	TOTAL	Totale	BJ	Benin (ex Dahomey)	2022	15		
A	Annuale	IT	Italia	TDEREG	Cancellati  in anagrafe	FOR	Paesi esteri	9	Totale	TOTAL	Totale	BF	Burkina Faso (ex Alto Volta)	2022	154		
A	Annuale	IT	Italia	TDEREG	Cancellati  in anagrafe	FOR	Paesi esteri	9	Totale	TOTAL	Totale	BI	Burundi	2022	5		
A	Annuale	IT	Italia	TDEREG	Cancellati  in anagrafe	FOR	Paesi esteri	9	Totale	TOTAL	Totale	CM	Camerun	2022	71		
A	Annuale	IT	Italia	TDEREG	Cancellati  in anagrafe	FOR	Paesi esteri	9	Totale	TOTAL	Totale	CV	Capo Verde	2022	14		
A	Annuale	IT	Italia	TDEREG	Cancellati  in anagrafe	FOR	Paesi esteri	9	Totale	TOTAL	Totale	CF	Centrafricana, Repubblica	2022	23		
A	Annuale	IT	Italia	TDEREG	Cancellati  in anagrafe	FOR	Paesi esteri	9	Totale	TOTAL	Totale	TD	Ciad	2022	9		
A	Annuale	IT	Italia	TDEREG	Cancellati  in anagrafe	FOR	Paesi esteri	9	Totale	TOTAL	Totale	CG	Congo (Repubblica del)	2022	12		
A	Annuale	IT	Italia	TDEREG	Cancellati  in anagrafe	FOR	Paesi esteri	9	Totale	TOTAL	Totale	CD	Congo, Repubblica democratica del (ex Zaire)	2022	17		
A	Annuale	IT	Italia	TDEREG	Cancellati  in anagrafe	FOR	Paesi esteri	9	Totale	TOTAL	Totale	CI	'Costa d"'Avorio'	2022	314		
A	Annuale	IT	Italia	TDEREG	Cancellati  in anagrafe	FOR	Paesi esteri	9	Totale	TOTAL	Totale	EG	Egitto	2022	1089		
A	Annuale	IT	Italia	TDEREG	Cancellati  in anagrafe	FOR	Paesi esteri	9	Totale	TOTAL	Totale	ER	Eritrea	2022	36		
A	Annuale	IT	Italia	TDEREG	Cancellati  in anagrafe	FOR	Paesi esteri	9	Totale	TOTAL	Totale	ET	Etiopia	2022	69		
A	Annuale	IT	Italia	TDEREG	Cancellati  in anagrafe	FOR	Paesi esteri	9	Totale	TOTAL	Totale	GA	Gabon	2022	1		
A	Annuale	IT	Italia	TDEREG	Cancellati  in anagrafe	FOR	Paesi esteri	9	Totale	TOTAL	Totale	GM	Gambia	2022	287		
A	Annuale	IT	Italia	TDEREG	Cancellati  in anagrafe	FOR	Paesi esteri	9	Totale	TOTAL	Totale	GH	Ghana	2022	228		
A	Annuale	IT	Italia	TDEREG	Cancellati  in anagrafe	FOR	Paesi esteri	9	Totale	TOTAL	Totale	GN	Guinea	2022	283		
A	Annuale	IT	Italia	TDEREG	Cancellati  in anagrafe	FOR	Paesi esteri	9	Totale	TOTAL	Totale	GQ	Guinea equatoriale	2022	2		
A	Annuale	IT	Italia	TDEREG	Cancellati  in anagrafe	FOR	Paesi esteri	9	Totale	TOTAL	Totale	GW	Guinea-Bissau	2022	62		
A	Annuale	IT	Italia	TDEREG	Cancellati  in anagrafe	FOR	Paesi esteri	9	Totale	TOTAL	Totale	KE	Kenya	2022	34		
A	Annuale	IT	Italia	TDEREG	Cancellati  in anagrafe	FOR	Paesi esteri	9	Totale	TOTAL	Totale	LR	Liberia	2022	17		
A	Annuale	IT	Italia	TDEREG	Cancellati  in anagrafe	FOR	Paesi esteri	9	Totale	TOTAL	Totale	LY	Libia	2022	22		
A	Annuale	IT	Italia	TDEREG	Cancellati  in anagrafe	FOR	Paesi esteri	9	Totale	TOTAL	Totale	MG	Madagascar	2022	14		
A	Annuale	IT	Italia	TDEREG	Cancellati  in anagrafe	FOR	Paesi esteri	9	Totale	TOTAL	Totale	MW	Malawi	2022	2		
A	Annuale	IT	Italia	TDEREG	Cancellati  in anagrafe	FOR	Paesi esteri	9	Totale	TOTAL	Totale	ML	Mali	2022	758		
A	Annuale	IT	Italia	TDEREG	Cancellati  in anagrafe	FOR	Paesi esteri	9	Totale	TOTAL	Totale	MA	Marocco	2022	1270		
A	Annuale	IT	Italia	TDEREG	Cancellati  in anagrafe	FOR	Paesi esteri	9	Totale	TOTAL	Totale	MR	Mauritania	2022	7		
A	Annuale	IT	Italia	TDEREG	Cancellati  in anagrafe	FOR	Paesi esteri	9	Totale	TOTAL	Totale	MU	Mauritius	2022	17		
A	Annuale	IT	Italia	TDEREG	Cancellati  in anagrafe	FOR	Paesi esteri	9	Totale	TOTAL	Totale	MZ	Mozambico	2022	12		
A	Annuale	IT	Italia	TDEREG	Cancellati  in anagrafe	FOR	Paesi esteri	9	Totale	TOTAL	Totale	NA	Namibia	2022	3		
A	Annuale	IT	Italia	TDEREG	Cancellati  in anagrafe	FOR	Paesi esteri	9	Totale	TOTAL	Totale	NE	Niger	2022	44		
A	Annuale	IT	Italia	TDEREG	Cancellati  in anagrafe	FOR	Paesi esteri	9	Totale	TOTAL	Totale	NG	Nigeria	2022	1084		
A	Annuale	IT	Italia	TDEREG	Cancellati  in anagrafe	FOR	Paesi esteri	9	Totale	TOTAL	Totale	RW	Ruanda	2022	3		
A	Annuale	IT	Italia	TDEREG	Cancellati  in anagrafe	FOR	Paesi esteri	9	Totale	TOTAL	Totale	SN	Senegal	2022	816		
A	Annuale	IT	Italia	TDEREG	Cancellati  in anagrafe	FOR	Paesi esteri	9	Totale	TOTAL	Totale	SC	Seychelles	2022	2		
A	Annuale	IT	Italia	TDEREG	Cancellati  in anagrafe	FOR	Paesi esteri	9	Totale	TOTAL	Totale	SL	Sierra Leone	2022	43		
A	Annuale	IT	Italia	TDEREG	Cancellati  in anagrafe	FOR	Paesi esteri	9	Totale	TOTAL	Totale	SO	Somalia	2022	203		
A	Annuale	IT	Italia	TDEREG	Cancellati  in anagrafe	FOR	Paesi esteri	9	Totale	TOTAL	Totale	ZA	Sudafrica	2022	13		
A	Annuale	IT	Italia	TDEREG	Cancellati  in anagrafe	FOR	Paesi esteri	9	Totale	TOTAL	Totale	SD	Sudan	2022	43		
A	Annuale	IT	Italia	TDEREG	Cancellati  in anagrafe	FOR	Paesi esteri	9	Totale	TOTAL	Totale	TZ	Tanzania	2022	14		
A	Annuale	IT	Italia	TDEREG	Cancellati  in anagrafe	FOR	Paesi esteri	9	Totale	TOTAL	Totale	TG	Togo	2022	46		
A	Annuale	IT	Italia	TDEREG	Cancellati  in anagrafe	FOR	Paesi esteri	9	Totale	TOTAL	Totale	TN	Tunisia	2022	362		
A	Annuale	IT	Italia	TDEREG	Cancellati  in anagrafe	FOR	Paesi esteri	9	Totale	TOTAL	Totale	UG	Uganda	2022	6		
A	Annuale	IT	Italia	TDEREG	Cancellati  in anagrafe	FOR	Paesi esteri	9	Totale	TOTAL	Totale	ZM	Zambia	2022	9		
A	Annuale	IT	Italia	TDEREG	Cancellati  in anagrafe	FOR	Paesi esteri	9	Totale	TOTAL	Totale	ZW	Zimbabwe (ex Rhodesia)	2022	4		
A	Annuale	IT	Italia	TDEREG	Cancellati  in anagrafe	FOR	Paesi esteri	9	Totale	TOTAL	Totale	X1022	Asia	2022	7714		
A	Annuale	IT	Italia	TDEREG	Cancellati  in anagrafe	FOR	Paesi esteri	9	Totale	TOTAL	Totale	AF	Afghanistan	2022	220		
A	Annuale	IT	Italia	TDEREG	Cancellati  in anagrafe	FOR	Paesi esteri	9	Totale	TOTAL	Totale	SA	Arabia Saudita	2022	13		
A	Annuale	IT	Italia	TDEREG	Cancellati  in anagrafe	FOR	Paesi esteri	9	Totale	TOTAL	Totale	AM	Armenia	2022	37		
A	Annuale	IT	Italia	TDEREG	Cancellati  in anagrafe	FOR	Paesi esteri	9	Totale	TOTAL	Totale	AZ	Azerbaigian	2022	12		
A	Annuale	IT	Italia	TDEREG	Cancellati  in anagrafe	FOR	Paesi esteri	9	Totale	TOTAL	Totale	BD	Bangladesh	2022	1283		
A	Annuale	IT	Italia	TDEREG	Cancellati  in anagrafe	FOR	Paesi esteri	9	Totale	TOTAL	Totale	CN	Cina, Repubblica Popolare	2022	1463		
A	Annuale	IT	Italia	TDEREG	Cancellati  in anagrafe	FOR	Paesi esteri	9	Totale	TOTAL	Totale	KR	Corea, Repubblica (Corea del Sud)	2022	69		
A	Annuale	IT	Italia	TDEREG	Cancellati  in anagrafe	FOR	Paesi esteri	9	Totale	TOTAL	Totale	KP	Corea, Repubblica Popolare Democratica (Corea del Nord)	2022	2		
A	Annuale	IT	Italia	TDEREG	Cancellati  in anagrafe	FOR	Paesi esteri	9	Totale	TOTAL	Totale	AE	Emirati Arabi Uniti	2022	76		
A	Annuale	IT	Italia	TDEREG	Cancellati  in anagrafe	FOR	Paesi esteri	9	Totale	TOTAL	Totale	PH	Filippine	2022	454		
A	Annuale	IT	Italia	TDEREG	Cancellati  in anagrafe	FOR	Paesi esteri	9	Totale	TOTAL	Totale	GE	Georgia	2022	415		
A	Annuale	IT	Italia	TDEREG	Cancellati  in anagrafe	FOR	Paesi esteri	9	Totale	TOTAL	Totale	JP	Giappone	2022	182		
A	Annuale	IT	Italia	TDEREG	Cancellati  in anagrafe	FOR	Paesi esteri	9	Totale	TOTAL	Totale	JO	Giordania	2022	16		
A	Annuale	IT	Italia	TDEREG	Cancellati  in anagrafe	FOR	Paesi esteri	9	Totale	TOTAL	Totale	IN	India	2022	1176		
A	Annuale	IT	Italia	TDEREG	Cancellati  in anagrafe	FOR	Paesi esteri	9	Totale	TOTAL	Totale	ID	Indonesia	2022	19		
A	Annuale	IT	Italia	TDEREG	Cancellati  in anagrafe	FOR	Paesi esteri	9	Totale	TOTAL	Totale	IR	'Iran, Repubblica islamica dell"''	2022	40		
A	Annuale	IT	Italia	TDEREG	Cancellati  in anagrafe	FOR	Paesi esteri	9	Totale	TOTAL	Totale	IQ	Iraq	2022	105		
A	Annuale	IT	Italia	TDEREG	Cancellati  in anagrafe	FOR	Paesi esteri	9	Totale	TOTAL	Totale	IL	Israele	2022	54		
A	Annuale	IT	Italia	TDEREG	Cancellati  in anagrafe	FOR	Paesi esteri	9	Totale	TOTAL	Totale	KZ	Kazakhstan	2022	24		
A	Annuale	IT	Italia	TDEREG	Cancellati  in anagrafe	FOR	Paesi esteri	9	Totale	TOTAL	Totale	KG	Kirghizistan	2022	19		
A	Annuale	IT	Italia	TDEREG	Cancellati  in anagrafe	FOR	Paesi esteri	9	Totale	TOTAL	Totale	KW	Kuwait	2022	8		
A	Annuale	IT	Italia	TDEREG	Cancellati  in anagrafe	FOR	Paesi esteri	9	Totale	TOTAL	Totale	LB	Libano	2022	17		
A	Annuale	IT	Italia	TDEREG	Cancellati  in anagrafe	FOR	Paesi esteri	9	Totale	TOTAL	Totale	MY	Malaysia	2022	12		
A	Annuale	IT	Italia	TDEREG	Cancellati  in anagrafe	FOR	Paesi esteri	9	Totale	TOTAL	Totale	MN	Mongolia	2022	2		
A	Annuale	IT	Italia	TDEREG	Cancellati  in anagrafe	FOR	Paesi esteri	9	Totale	TOTAL	Totale	MM	Myanmar (Ex Birmania)	2022	4		
A	Annuale	IT	Italia	TDEREG	Cancellati  in anagrafe	FOR	Paesi esteri	9	Totale	TOTAL	Totale	NP	Nepal	2022	12		
A	Annuale	IT	Italia	TDEREG	Cancellati  in anagrafe	FOR	Paesi esteri	9	Totale	TOTAL	Totale	PK	Pakistan	2022	1486		
A	Annuale	IT	Italia	TDEREG	Cancellati  in anagrafe	FOR	Paesi esteri	9	Totale	TOTAL	Totale	QA	Qatar	2022	11		
A	Annuale	IT	Italia	TDEREG	Cancellati  in anagrafe	FOR	Paesi esteri	9	Totale	TOTAL	Totale	SG	Singapore	2022	13		
A	Annuale	IT	Italia	TDEREG	Cancellati  in anagrafe	FOR	Paesi esteri	9	Totale	TOTAL	Totale	SY	Siria	2022	22		
A	Annuale	IT	Italia	TDEREG	Cancellati  in anagrafe	FOR	Paesi esteri	9	Totale	TOTAL	Totale	LK	Sri Lanka (ex Ceylon)	2022	353		
A	Annuale	IT	Italia	TDEREG	Cancellati  in anagrafe	FOR	Paesi esteri	9	Totale	TOTAL	Totale	TW	Taiwan (ex Formosa)	2022	13		
A	Annuale	IT	Italia	TDEREG	Cancellati  in anagrafe	FOR	Paesi esteri	9	Totale	TOTAL	Totale	PS	'Territori dell"'Autonomia Palestinese'	2022	10		
A	Annuale	IT	Italia	TDEREG	Cancellati  in anagrafe	FOR	Paesi esteri	9	Totale	TOTAL	Totale	TH	Thailandia	2022	48		
A	Annuale	IT	Italia	TDEREG	Cancellati  in anagrafe	FOR	Paesi esteri	9	Totale	TOTAL	Totale	UZ	Uzbekistan	2022	2		
A	Annuale	IT	Italia	TDEREG	Cancellati  in anagrafe	FOR	Paesi esteri	9	Totale	TOTAL	Totale	VN	Vietnam	2022	19		
A	Annuale	IT	Italia	TDEREG	Cancellati  in anagrafe	FOR	Paesi esteri	9	Totale	TOTAL	Totale	YE	Yemen	2022	3		
A	Annuale	IT	Italia	TDEREG	Cancellati  in anagrafe	FOR	Paesi esteri	9	Totale	TOTAL	Totale	X1019	America	2022	2919		
A	Annuale	IT	Italia	TDEREG	Cancellati  in anagrafe	FOR	Paesi esteri	9	Totale	TOTAL	Totale	AR	Argentina	2022	186		
A	Annuale	IT	Italia	TDEREG	Cancellati  in anagrafe	FOR	Paesi esteri	9	Totale	TOTAL	Totale	BO	Bolivia	2022	26		
A	Annuale	IT	Italia	TDEREG	Cancellati  in anagrafe	FOR	Paesi esteri	9	Totale	TOTAL	Totale	BR	Brasile	2022	575		
A	Annuale	IT	Italia	TDEREG	Cancellati  in anagrafe	FOR	Paesi esteri	9	Totale	TOTAL	Totale	CA	Canada	2022	195		
A	Annuale	IT	Italia	TDEREG	Cancellati  in anagrafe	FOR	Paesi esteri	9	Totale	TOTAL	Totale	CL	Cile	2022	38		
A	Annuale	IT	Italia	TDEREG	Cancellati  in anagrafe	FOR	Paesi esteri	9	Totale	TOTAL	Totale	CO	Colombia	2022	97		
A	Annuale	IT	Italia	TDEREG	Cancellati  in anagrafe	FOR	Paesi esteri	9	Totale	TOTAL	Totale	CR	Costa Rica	2022	12		
A	Annuale	IT	Italia	TDEREG	Cancellati  in anagrafe	FOR	Paesi esteri	9	Totale	TOTAL	Totale	CU	Cuba	2022	135		
A	Annuale	IT	Italia	TDEREG	Cancellati  in anagrafe	FOR	Paesi esteri	9	Totale	TOTAL	Totale	DM	Dominica	2022	1		
A	Annuale	IT	Italia	TDEREG	Cancellati  in anagrafe	FOR	Paesi esteri	9	Totale	TOTAL	Totale	DO	Dominicana, Repubblica	2022	169		
A	Annuale	IT	Italia	TDEREG	Cancellati  in anagrafe	FOR	Paesi esteri	9	Totale	TOTAL	Totale	EC	Ecuador	2022	157		
A	Annuale	IT	Italia	TDEREG	Cancellati  in anagrafe	FOR	Paesi esteri	9	Totale	TOTAL	Totale	SV	El Salvador	2022	53		
A	Annuale	IT	Italia	TDEREG	Cancellati  in anagrafe	FOR	Paesi esteri	9	Totale	TOTAL	Totale	JM	Giamaica	2022	1		
A	Annuale	IT	Italia	TDEREG	Cancellati  in anagrafe	FOR	Paesi esteri	9	Totale	TOTAL	Totale	GT	Guatemala	2022	16		
A	Annuale	IT	Italia	TDEREG	Cancellati  in anagrafe	FOR	Paesi esteri	9	Totale	TOTAL	Totale	GY	Guyana	2022	1		
A	Annuale	IT	Italia	TDEREG	Cancellati  in anagrafe	FOR	Paesi esteri	9	Totale	TOTAL	Totale	HT	Haiti	2022	2		
A	Annuale	IT	Italia	TDEREG	Cancellati  in anagrafe	FOR	Paesi esteri	9	Totale	TOTAL	Totale	HN	Honduras	2022	14		
A	Annuale	IT	Italia	TDEREG	Cancellati  in anagrafe	FOR	Paesi esteri	9	Totale	TOTAL	Totale	MX	Messico	2022	86		
A	Annuale	IT	Italia	TDEREG	Cancellati  in anagrafe	FOR	Paesi esteri	9	Totale	TOTAL	Totale	NI	Nicaragua	2022	7		
A	Annuale	IT	Italia	TDEREG	Cancellati  in anagrafe	FOR	Paesi esteri	9	Totale	TOTAL	Totale	PA	Panama	2022	2		
A	Annuale	IT	Italia	TDEREG	Cancellati  in anagrafe	FOR	Paesi esteri	9	Totale	TOTAL	Totale	PY	Paraguay	2022	15		
A	Annuale	IT	Italia	TDEREG	Cancellati  in anagrafe	FOR	Paesi esteri	9	Totale	TOTAL	Totale	PE	Perù	2022	288		
A	Annuale	IT	Italia	TDEREG	Cancellati  in anagrafe	FOR	Paesi esteri	9	Totale	TOTAL	Totale	LC	Saint Lucia	2022	1		
A	Annuale	IT	Italia	TDEREG	Cancellati  in anagrafe	FOR	Paesi esteri	9	Totale	TOTAL	Totale	US	'Stati Uniti d"'America'	2022	757		
A	Annuale	IT	Italia	TDEREG	Cancellati  in anagrafe	FOR	Paesi esteri	9	Totale	TOTAL	Totale	UY	Uruguay	2022	19		
A	Annuale	IT	Italia	TDEREG	Cancellati  in anagrafe	FOR	Paesi esteri	9	Totale	TOTAL	Totale	VE	Venezuela	2022	66		
A	Annuale	IT	Italia	TDEREG	Cancellati  in anagrafe	FOR	Paesi esteri	9	Totale	TOTAL	Totale	X1026	Oceania	2022	122		
A	Annuale	IT	Italia	TDEREG	Cancellati  in anagrafe	FOR	Paesi esteri	9	Totale	TOTAL	Totale	AU	Australia	2022	95		
A	Annuale	IT	Italia	TDEREG	Cancellati  in anagrafe	FOR	Paesi esteri	9	Totale	TOTAL	Totale	NZ	Nuova Zelanda	2022	26		
A	Annuale	IT	Italia	TDEREG	Cancellati  in anagrafe	FOR	Paesi esteri	9	Totale	TOTAL	Totale	PG	Papua Nuova Guinea	2022	1		
A	Annuale	IT	Italia	TDEREG	Cancellati  in anagrafe	TOTAL	Totale	9	Totale	TOTAL	Totale	X1033	Mondo	2022	150189		
A	Annuale	IT	Italia	TDEREG	Cancellati  in anagrafe	TOTAL	Totale	9	Totale	TOTAL	Totale	X1013	Europa	2022	111540		
A	Annuale	IT	Italia	TDEREG	Cancellati  in anagrafe	TOTAL	Totale	9	Totale	TOTAL	Totale	AL	Albania	2022	1823		
A	Annuale	IT	Italia	TDEREG	Cancellati  in anagrafe	TOTAL	Totale	9	Totale	TOTAL	Totale	AD	Andorra	2022	2		
A	Annuale	IT	Italia	TDEREG	Cancellati  in anagrafe	TOTAL	Totale	9	Totale	TOTAL	Totale	AT	Austria	2022	2685		
A	Annuale	IT	Italia	TDEREG	Cancellati  in anagrafe	TOTAL	Totale	9	Totale	TOTAL	Totale	BE	Belgio	2022	3494		
A	Annuale	IT	Italia	TDEREG	Cancellati  in anagrafe	TOTAL	Totale	9	Totale	TOTAL	Totale	BY	Bielorussia	2022	94		
A	Annuale	IT	Italia	TDEREG	Cancellati  in anagrafe	TOTAL	Totale	9	Totale	TOTAL	Totale	BA	Bosnia-Erzegovina	2022	168		
A	Annuale	IT	Italia	TDEREG	Cancellati  in anagrafe	TOTAL	Totale	9	Totale	TOTAL	Totale	BG	Bulgaria	2022	817		
A	Annuale	IT	Italia	TDEREG	Cancellati  in anagrafe	TOTAL	Totale	9	Totale	TOTAL	Totale	CZ	Ceca, Repubblica	2022	560		
A	Annuale	IT	Italia	TDEREG	Cancellati  in anagrafe	TOTAL	Totale	9	Totale	TOTAL	Totale	CY	Cipro	2022	82		
A	Annuale	IT	Italia	TDEREG	Cancellati  in anagrafe	TOTAL	Totale	9	Totale	TOTAL	Totale	HR	Croazia	2022	647		
A	Annuale	IT	Italia	TDEREG	Cancellati  in anagrafe	TOTAL	Totale	9	Totale	TOTAL	Totale	DK	Danimarca	2022	898		
A	Annuale	IT	Italia	TDEREG	Cancellati  in anagrafe	TOTAL	Totale	9	Totale	TOTAL	Totale	EE	Estonia	2022	83		
A	Annuale	IT	Italia	TDEREG	Cancellati  in anagrafe	TOTAL	Totale	9	Totale	TOTAL	Totale	FI	Finlandia	2022	334		
A	Annuale	IT	Italia	TDEREG	Cancellati  in anagrafe	TOTAL	Totale	9	Totale	TOTAL	Totale	FR	Francia	2022	12685		
A	Annuale	IT	Italia	TDEREG	Cancellati  in anagrafe	TOTAL	Totale	9	Totale	TOTAL	Totale	DE	Germania	2022	17120		
A	Annuale	IT	Italia	TDEREG	Cancellati  in anagrafe	TOTAL	Totale	9	Totale	TOTAL	Totale	GR	Grecia	2022	491		
A	Annuale	IT	Italia	TDEREG	Cancellati  in anagrafe	TOTAL	Totale	9	Totale	TOTAL	Totale	IE	Irlanda	2022	1754		
A	Annuale	IT	Italia	TDEREG	Cancellati  in anagrafe	TOTAL	Totale	9	Totale	TOTAL	Totale	IS	Islanda	2022	70		
A	Annuale	IT	Italia	TDEREG	Cancellati  in anagrafe	TOTAL	Totale	9	Totale	TOTAL	Totale	X95	Kosovo	2022	145		
A	Annuale	IT	Italia	TDEREG	Cancellati  in anagrafe	TOTAL	Totale	9	Totale	TOTAL	Totale	LV	Lettonia	2022	62		
A	Annuale	IT	Italia	TDEREG	Cancellati  in anagrafe	TOTAL	Totale	9	Totale	TOTAL	Totale	LI	Liechtenstein	2022	8		
A	Annuale	IT	Italia	TDEREG	Cancellati  in anagrafe	TOTAL	Totale	9	Totale	TOTAL	Totale	LT	Lituania	2022	128		
A	Annuale	IT	Italia	TDEREG	Cancellati  in anagrafe	TOTAL	Totale	9	Totale	TOTAL	Totale	LU	Lussemburgo	2022	1148		
A	Annuale	IT	Italia	TDEREG	Cancellati  in anagrafe	TOTAL	Totale	9	Totale	TOTAL	Totale	MK	Macedonia, Ex Repubblica Jugoslava di	2022	354		
A	Annuale	IT	Italia	TDEREG	Cancellati  in anagrafe	TOTAL	Totale	9	Totale	TOTAL	Totale	MT	Malta	2022	1082		
A	Annuale	IT	Italia	TDEREG	Cancellati  in anagrafe	TOTAL	Totale	9	Totale	TOTAL	Totale	MD	Moldova	2022	2051		
A	Annuale	IT	Italia	TDEREG	Cancellati  in anagrafe	TOTAL	Totale	9	Totale	TOTAL	Totale	MC	Monaco	2022	133		
A	Annuale	IT	Italia	TDEREG	Cancellati  in anagrafe	TOTAL	Totale	9	Totale	TOTAL	Totale	ME	Montenegro	2022	22		
A	Annuale	IT	Italia	TDEREG	Cancellati  in anagrafe	TOTAL	Totale	9	Totale	TOTAL	Totale	NO	Norvegia	2022	494		
A	Annuale	IT	Italia	TDEREG	Cancellati  in anagrafe	TOTAL	Totale	9	Totale	TOTAL	Totale	NL	Paesi Bassi	2022	3720		
A	Annuale	IT	Italia	TDEREG	Cancellati  in anagrafe	TOTAL	Totale	9	Totale	TOTAL	Totale	PL	Polonia	2022	1645		
A	Annuale	IT	Italia	TDEREG	Cancellati  in anagrafe	TOTAL	Totale	9	Totale	TOTAL	Totale	PT	Portogallo	2022	1398		
A	Annuale	IT	Italia	TDEREG	Cancellati  in anagrafe	TOTAL	Totale	9	Totale	TOTAL	Totale	GB	Regno Unito	2022	19305		
A	Annuale	IT	Italia	TDEREG	Cancellati  in anagrafe	TOTAL	Totale	9	Totale	TOTAL	Totale	RO	Romania	2022	11963		
A	Annuale	IT	Italia	TDEREG	Cancellati  in anagrafe	TOTAL	Totale	9	Totale	TOTAL	Totale	RU	Russa, Federazione	2022	595		
A	Annuale	IT	Italia	TDEREG	Cancellati  in anagrafe	TOTAL	Totale	9	Totale	TOTAL	Totale	SM	San Marino	2022	262		
A	Annuale	IT	Italia	TDEREG	Cancellati  in anagrafe	TOTAL	Totale	9	Totale	TOTAL	Totale	RS	Serbia, Repubblica di	2022	381		
A	Annuale	IT	Italia	TDEREG	Cancellati  in anagrafe	TOTAL	Totale	9	Totale	TOTAL	Totale	SK	Slovacchia	2022	260		
A	Annuale	IT	Italia	TDEREG	Cancellati  in anagrafe	TOTAL	Totale	9	Totale	TOTAL	Totale	SI	Slovenia	2022	302		
A	Annuale	IT	Italia	TDEREG	Cancellati  in anagrafe	TOTAL	Totale	9	Totale	TOTAL	Totale	ES	Spagna	2022	7496		
A	Annuale	IT	Italia	TDEREG	Cancellati  in anagrafe	TOTAL	Totale	9	Totale	TOTAL	Totale	SE	Svezia	2022	874		
A	Annuale	IT	Italia	TDEREG	Cancellati  in anagrafe	TOTAL	Totale	9	Totale	TOTAL	Totale	CH	Svizzera	2022	10690		
A	Annuale	IT	Italia	TDEREG	Cancellati  in anagrafe	TOTAL	Totale	9	Totale	TOTAL	Totale	TR	Turchia	2022	279		
A	Annuale	IT	Italia	TDEREG	Cancellati  in anagrafe	TOTAL	Totale	9	Totale	TOTAL	Totale	UA	Ucraina	2022	2531		
A	Annuale	IT	Italia	TDEREG	Cancellati  in anagrafe	TOTAL	Totale	9	Totale	TOTAL	Totale	HU	Ungheria	2022	405		
A	Annuale	IT	Italia	TDEREG	Cancellati  in anagrafe	TOTAL	Totale	9	Totale	TOTAL	Totale	X1038	Unione europea 27	2022	72133		
A	Annuale	IT	Italia	TDEREG	Cancellati  in anagrafe	TOTAL	Totale	9	Totale	TOTAL	Totale	X1039	Extra Ue27	2022	39407		
A	Annuale	IT	Italia	TDEREG	Cancellati  in anagrafe	TOTAL	Totale	9	Totale	TOTAL	Totale	X1016	Africa	2022	9487		
A	Annuale	IT	Italia	TDEREG	Cancellati  in anagrafe	TOTAL	Totale	9	Totale	TOTAL	Totale	DZ	Algeria	2022	77		
A	Annuale	IT	Italia	TDEREG	Cancellati  in anagrafe	TOTAL	Totale	9	Totale	TOTAL	Totale	AO	Angola	2022	14		
A	Annuale	IT	Italia	TDEREG	Cancellati  in anagrafe	TOTAL	Totale	9	Totale	TOTAL	Totale	BJ	Benin (ex Dahomey)	2022	21		
A	Annuale	IT	Italia	TDEREG	Cancellati  in anagrafe	TOTAL	Totale	9	Totale	TOTAL	Totale	BF	Burkina Faso (ex Alto Volta)	2022	163		
A	Annuale	IT	Italia	TDEREG	Cancellati  in anagrafe	TOTAL	Totale	9	Totale	TOTAL	Totale	BI	Burundi	2022	6		
A	Annuale	IT	Italia	TDEREG	Cancellati  in anagrafe	TOTAL	Totale	9	Totale	TOTAL	Totale	CM	Camerun	2022	82		
A	Annuale	IT	Italia	TDEREG	Cancellati  in anagrafe	TOTAL	Totale	9	Totale	TOTAL	Totale	CV	Capo Verde	2022	30		
A	Annuale	IT	Italia	TDEREG	Cancellati  in anagrafe	TOTAL	Totale	9	Totale	TOTAL	Totale	CF	Centrafricana, Repubblica	2022	25		
A	Annuale	IT	Italia	TDEREG	Cancellati  in anagrafe	TOTAL	Totale	9	Totale	TOTAL	Totale	TD	Ciad	2022	11		
A	Annuale	IT	Italia	TDEREG	Cancellati  in anagrafe	TOTAL	Totale	9	Totale	TOTAL	Totale	KM	Comore	2022	1		
A	Annuale	IT	Italia	TDEREG	Cancellati  in anagrafe	TOTAL	Totale	9	Totale	TOTAL	Totale	CG	Congo (Repubblica del)	2022	28		
A	Annuale	IT	Italia	TDEREG	Cancellati  in anagrafe	TOTAL	Totale	9	Totale	TOTAL	Totale	CD	Congo, Repubblica democratica del (ex Zaire)	2022	24		
A	Annuale	IT	Italia	TDEREG	Cancellati  in anagrafe	TOTAL	Totale	9	Totale	TOTAL	Totale	CI	'Costa d"'Avorio'	2022	331		
A	Annuale	IT	Italia	TDEREG	Cancellati  in anagrafe	TOTAL	Totale	9	Totale	TOTAL	Totale	EG	Egitto	2022	1305		
A	Annuale	IT	Italia	TDEREG	Cancellati  in anagrafe	TOTAL	Totale	9	Totale	TOTAL	Totale	ER	Eritrea	2022	38		
A	Annuale	IT	Italia	TDEREG	Cancellati  in anagrafe	TOTAL	Totale	9	Totale	TOTAL	Totale	ET	Etiopia	2022	87		
A	Annuale	IT	Italia	TDEREG	Cancellati  in anagrafe	TOTAL	Totale	9	Totale	TOTAL	Totale	GA	Gabon	2022	2		
A	Annuale	IT	Italia	TDEREG	Cancellati  in anagrafe	TOTAL	Totale	9	Totale	TOTAL	Totale	GM	Gambia	2022	287		
A	Annuale	IT	Italia	TDEREG	Cancellati  in anagrafe	TOTAL	Totale	9	Totale	TOTAL	Totale	GH	Ghana	2022	274		
A	Annuale	IT	Italia	TDEREG	Cancellati  in anagrafe	TOTAL	Totale	9	Totale	TOTAL	Totale	DJ	Gibuti	2022	3		
A	Annuale	IT	Italia	TDEREG	Cancellati  in anagrafe	TOTAL	Totale	9	Totale	TOTAL	Totale	GN	Guinea	2022	284		
A	Annuale	IT	Italia	TDEREG	Cancellati  in anagrafe	TOTAL	Totale	9	Totale	TOTAL	Totale	GQ	Guinea equatoriale	2022	2		
A	Annuale	IT	Italia	TDEREG	Cancellati  in anagrafe	TOTAL	Totale	9	Totale	TOTAL	Totale	GW	Guinea-Bissau	2022	66		
A	Annuale	IT	Italia	TDEREG	Cancellati  in anagrafe	TOTAL	Totale	9	Totale	TOTAL	Totale	KE	Kenya	2022	121		
A	Annuale	IT	Italia	TDEREG	Cancellati  in anagrafe	TOTAL	Totale	9	Totale	TOTAL	Totale	LR	Liberia	2022	17		
A	Annuale	IT	Italia	TDEREG	Cancellati  in anagrafe	TOTAL	Totale	9	Totale	TOTAL	Totale	LY	Libia	2022	30		
A	Annuale	IT	Italia	TDEREG	Cancellati  in anagrafe	TOTAL	Totale	9	Totale	TOTAL	Totale	MG	Madagascar	2022	41		
A	Annuale	IT	Italia	TDEREG	Cancellati  in anagrafe	TOTAL	Totale	9	Totale	TOTAL	Totale	MW	Malawi	2022	6		
A	Annuale	IT	Italia	TDEREG	Cancellati  in anagrafe	TOTAL	Totale	9	Totale	TOTAL	Totale	ML	Mali	2022	760		
A	Annuale	IT	Italia	TDEREG	Cancellati  in anagrafe	TOTAL	Totale	9	Totale	TOTAL	Totale	MA	Marocco	2022	1608		
A	Annuale	IT	Italia	TDEREG	Cancellati  in anagrafe	TOTAL	Totale	9	Totale	TOTAL	Totale	MR	Mauritania	2022	7		
A	Annuale	IT	Italia	TDEREG	Cancellati  in anagrafe	TOTAL	Totale	9	Totale	TOTAL	Totale	MU	Mauritius	2022	44		
A	Annuale	IT	Italia	TDEREG	Cancellati  in anagrafe	TOTAL	Totale	9	Totale	TOTAL	Totale	MZ	Mozambico	2022	39		
A	Annuale	IT	Italia	TDEREG	Cancellati  in anagrafe	TOTAL	Totale	9	Totale	TOTAL	Totale	NA	Namibia	2022	4		
A	Annuale	IT	Italia	TDEREG	Cancellati  in anagrafe	TOTAL	Totale	9	Totale	TOTAL	Totale	NE	Niger	2022	47		
A	Annuale	IT	Italia	TDEREG	Cancellati  in anagrafe	TOTAL	Totale	9	Totale	TOTAL	Totale	NG	Nigeria	2022	1151		
A	Annuale	IT	Italia	TDEREG	Cancellati  in anagrafe	TOTAL	Totale	9	Totale	TOTAL	Totale	RW	Ruanda	2022	4		
A	Annuale	IT	Italia	TDEREG	Cancellati  in anagrafe	TOTAL	Totale	9	Totale	TOTAL	Totale	SN	Senegal	2022	955		
A	Annuale	IT	Italia	TDEREG	Cancellati  in anagrafe	TOTAL	Totale	9	Totale	TOTAL	Totale	SC	Seychelles	2022	19		
A	Annuale	IT	Italia	TDEREG	Cancellati  in anagrafe	TOTAL	Totale	9	Totale	TOTAL	Totale	SL	Sierra Leone	2022	44		
A	Annuale	IT	Italia	TDEREG	Cancellati  in anagrafe	TOTAL	Totale	9	Totale	TOTAL	Totale	SO	Somalia	2022	207		
A	Annuale	IT	Italia	TDEREG	Cancellati  in anagrafe	TOTAL	Totale	9	Totale	TOTAL	Totale	ZA	Sudafrica	2022	81		
A	Annuale	IT	Italia	TDEREG	Cancellati  in anagrafe	TOTAL	Totale	9	Totale	TOTAL	Totale	SD	Sudan	2022	49		
A	Annuale	IT	Italia	TDEREG	Cancellati  in anagrafe	TOTAL	Totale	9	Totale	TOTAL	Totale	XSD_S	Sud Sudan, Repubblica del	2022	2		
A	Annuale	IT	Italia	TDEREG	Cancellati  in anagrafe	TOTAL	Totale	9	Totale	TOTAL	Totale	SZ	Swaziland	2022	1		
A	Annuale	IT	Italia	TDEREG	Cancellati  in anagrafe	TOTAL	Totale	9	Totale	TOTAL	Totale	TZ	Tanzania	2022	59		
A	Annuale	IT	Italia	TDEREG	Cancellati  in anagrafe	TOTAL	Totale	9	Totale	TOTAL	Totale	TG	Togo	2022	50		
A	Annuale	IT	Italia	TDEREG	Cancellati  in anagrafe	TOTAL	Totale	9	Totale	TOTAL	Totale	TN	Tunisia	2022	935		
A	Annuale	IT	Italia	TDEREG	Cancellati  in anagrafe	TOTAL	Totale	9	Totale	TOTAL	Totale	UG	Uganda	2022	20		
A	Annuale	IT	Italia	TDEREG	Cancellati  in anagrafe	TOTAL	Totale	9	Totale	TOTAL	Totale	ZM	Zambia	2022	20		
A	Annuale	IT	Italia	TDEREG	Cancellati  in anagrafe	TOTAL	Totale	9	Totale	TOTAL	Totale	ZW	Zimbabwe (ex Rhodesia)	2022	5		
A	Annuale	IT	Italia	TDEREG	Cancellati  in anagrafe	TOTAL	Totale	9	Totale	TOTAL	Totale	X1022	Asia	2022	11365		
A	Annuale	IT	Italia	TDEREG	Cancellati  in anagrafe	TOTAL	Totale	9	Totale	TOTAL	Totale	AF	Afghanistan	2022	226		
A	Annuale	IT	Italia	TDEREG	Cancellati  in anagrafe	TOTAL	Totale	9	Totale	TOTAL	Totale	SA	Arabia Saudita	2022	151		
A	Annuale	IT	Italia	TDEREG	Cancellati  in anagrafe	TOTAL	Totale	9	Totale	TOTAL	Totale	AM	Armenia	2022	45		
A	Annuale	IT	Italia	TDEREG	Cancellati  in anagrafe	TOTAL	Totale	9	Totale	TOTAL	Totale	AZ	Azerbaigian	2022	16		
A	Annuale	IT	Italia	TDEREG	Cancellati  in anagrafe	TOTAL	Totale	9	Totale	TOTAL	Totale	BH	Bahrain	2022	45		
A	Annuale	IT	Italia	TDEREG	Cancellati  in anagrafe	TOTAL	Totale	9	Totale	TOTAL	Totale	BD	Bangladesh	2022	1329		
A	Annuale	IT	Italia	TDEREG	Cancellati  in anagrafe	TOTAL	Totale	9	Totale	TOTAL	Totale	BN	Brunei	2022	2		
A	Annuale	IT	Italia	TDEREG	Cancellati  in anagrafe	TOTAL	Totale	9	Totale	TOTAL	Totale	KH	Cambogia	2022	25		
A	Annuale	IT	Italia	TDEREG	Cancellati  in anagrafe	TOTAL	Totale	9	Totale	TOTAL	Totale	CN	Cina, Repubblica Popolare	2022	1900		
A	Annuale	IT	Italia	TDEREG	Cancellati  in anagrafe	TOTAL	Totale	9	Totale	TOTAL	Totale	KR	Corea, Repubblica (Corea del Sud)	2022	152		
A	Annuale	IT	Italia	TDEREG	Cancellati  in anagrafe	TOTAL	Totale	9	Totale	TOTAL	Totale	KP	Corea, Repubblica Popolare Democratica (Corea del Nord)	2022	2		
A	Annuale	IT	Italia	TDEREG	Cancellati  in anagrafe	TOTAL	Totale	9	Totale	TOTAL	Totale	AE	Emirati Arabi Uniti	2022	1136		
A	Annuale	IT	Italia	TDEREG	Cancellati  in anagrafe	TOTAL	Totale	9	Totale	TOTAL	Totale	PH	Filippine	2022	545		
A	Annuale	IT	Italia	TDEREG	Cancellati  in anagrafe	TOTAL	Totale	9	Totale	TOTAL	Totale	GE	Georgia	2022	430		
A	Annuale	IT	Italia	TDEREG	Cancellati  in anagrafe	TOTAL	Totale	9	Totale	TOTAL	Totale	JP	Giappone	2022	522		
A	Annuale	IT	Italia	TDEREG	Cancellati  in anagrafe	TOTAL	Totale	9	Totale	TOTAL	Totale	JO	Giordania	2022	58		
A	Annuale	IT	Italia	TDEREG	Cancellati  in anagrafe	TOTAL	Totale	9	Totale	TOTAL	Totale	IN	India	2022	1287		
A	Annuale	IT	Italia	TDEREG	Cancellati  in anagrafe	TOTAL	Totale	9	Totale	TOTAL	Totale	ID	Indonesia	2022	93		
A	Annuale	IT	Italia	TDEREG	Cancellati  in anagrafe	TOTAL	Totale	9	Totale	TOTAL	Totale	IR	'Iran, Repubblica islamica dell"''	2022	60		
A	Annuale	IT	Italia	TDEREG	Cancellati  in anagrafe	TOTAL	Totale	9	Totale	TOTAL	Totale	IQ	Iraq	2022	131		
A	Annuale	IT	Italia	TDEREG	Cancellati  in anagrafe	TOTAL	Totale	9	Totale	TOTAL	Totale	IL	Israele	2022	129		
A	Annuale	IT	Italia	TDEREG	Cancellati  in anagrafe	TOTAL	Totale	9	Totale	TOTAL	Totale	KZ	Kazakhstan	2022	53		
A	Annuale	IT	Italia	TDEREG	Cancellati  in anagrafe	TOTAL	Totale	9	Totale	TOTAL	Totale	KG	Kirghizistan	2022	25		
A	Annuale	IT	Italia	TDEREG	Cancellati  in anagrafe	TOTAL	Totale	9	Totale	TOTAL	Totale	KW	Kuwait	2022	119		
A	Annuale	IT	Italia	TDEREG	Cancellati  in anagrafe	TOTAL	Totale	9	Totale	TOTAL	Totale	LA	Laos	2022	4		
A	Annuale	IT	Italia	TDEREG	Cancellati  in anagrafe	TOTAL	Totale	9	Totale	TOTAL	Totale	LB	Libano	2022	47		
A	Annuale	IT	Italia	TDEREG	Cancellati  in anagrafe	TOTAL	Totale	9	Totale	TOTAL	Totale	MY	Malaysia	2022	47		
A	Annuale	IT	Italia	TDEREG	Cancellati  in anagrafe	TOTAL	Totale	9	Totale	TOTAL	Totale	MV	Maldive	2022	12		
A	Annuale	IT	Italia	TDEREG	Cancellati  in anagrafe	TOTAL	Totale	9	Totale	TOTAL	Totale	MN	Mongolia	2022	6		
A	Annuale	IT	Italia	TDEREG	Cancellati  in anagrafe	TOTAL	Totale	9	Totale	TOTAL	Totale	MM	Myanmar (Ex Birmania)	2022	10		
A	Annuale	IT	Italia	TDEREG	Cancellati  in anagrafe	TOTAL	Totale	9	Totale	TOTAL	Totale	NP	Nepal	2022	12		
A	Annuale	IT	Italia	TDEREG	Cancellati  in anagrafe	TOTAL	Totale	9	Totale	TOTAL	Totale	OM	Oman	2022	11		
A	Annuale	IT	Italia	TDEREG	Cancellati  in anagrafe	TOTAL	Totale	9	Totale	TOTAL	Totale	PK	Pakistan	2022	1522		
A	Annuale	IT	Italia	TDEREG	Cancellati  in anagrafe	TOTAL	Totale	9	Totale	TOTAL	Totale	QA	Qatar	2022	221		
A	Annuale	IT	Italia	TDEREG	Cancellati  in anagrafe	TOTAL	Totale	9	Totale	TOTAL	Totale	SG	Singapore	2022	120		
A	Annuale	IT	Italia	TDEREG	Cancellati  in anagrafe	TOTAL	Totale	9	Totale	TOTAL	Totale	SY	Siria	2022	38		
A	Annuale	IT	Italia	TDEREG	Cancellati  in anagrafe	TOTAL	Totale	9	Totale	TOTAL	Totale	LK	Sri Lanka (ex Ceylon)	2022	379		
A	Annuale	IT	Italia	TDEREG	Cancellati  in anagrafe	TOTAL	Totale	9	Totale	TOTAL	Totale	TJ	Tagikistan	2022	7		
A	Annuale	IT	Italia	TDEREG	Cancellati  in anagrafe	TOTAL	Totale	9	Totale	TOTAL	Totale	TW	Taiwan (ex Formosa)	2022	45		
A	Annuale	IT	Italia	TDEREG	Cancellati  in anagrafe	TOTAL	Totale	9	Totale	TOTAL	Totale	PS	'Territori dell"'Autonomia Palestinese'	2022	11		
A	Annuale	IT	Italia	TDEREG	Cancellati  in anagrafe	TOTAL	Totale	9	Totale	TOTAL	Totale	TH	Thailandia	2022	300		
A	Annuale	IT	Italia	TDEREG	Cancellati  in anagrafe	TOTAL	Totale	9	Totale	TOTAL	Totale	TL	Timor-Leste	2022	1		
A	Annuale	IT	Italia	TDEREG	Cancellati  in anagrafe	TOTAL	Totale	9	Totale	TOTAL	Totale	UZ	Uzbekistan	2022	15		
A	Annuale	IT	Italia	TDEREG	Cancellati  in anagrafe	TOTAL	Totale	9	Totale	TOTAL	Totale	VN	Vietnam	2022	71		
A	Annuale	IT	Italia	TDEREG	Cancellati  in anagrafe	TOTAL	Totale	9	Totale	TOTAL	Totale	YE	Yemen	2022	5		
A	Annuale	IT	Italia	TDEREG	Cancellati  in anagrafe	TOTAL	Totale	9	Totale	TOTAL	Totale	X1019	America	2022	15579		
A	Annuale	IT	Italia	TDEREG	Cancellati  in anagrafe	TOTAL	Totale	9	Totale	TOTAL	Totale	AG	Antigua e Barbuda	2022	1		
A	Annuale	IT	Italia	TDEREG	Cancellati  in anagrafe	TOTAL	Totale	9	Totale	TOTAL	Totale	AR	Argentina	2022	1533		
A	Annuale	IT	Italia	TDEREG	Cancellati  in anagrafe	TOTAL	Totale	9	Totale	TOTAL	Totale	BS	Bahamas	2022	9		
A	Annuale	IT	Italia	TDEREG	Cancellati  in anagrafe	TOTAL	Totale	9	Totale	TOTAL	Totale	BB	Barbados	2022	5		
A	Annuale	IT	Italia	TDEREG	Cancellati  in anagrafe	TOTAL	Totale	9	Totale	TOTAL	Totale	BZ	Belize	2022	1		
A	Annuale	IT	Italia	TDEREG	Cancellati  in anagrafe	TOTAL	Totale	9	Totale	TOTAL	Totale	BO	Bolivia	2022	71		
A	Annuale	IT	Italia	TDEREG	Cancellati  in anagrafe	TOTAL	Totale	9	Totale	TOTAL	Totale	BR	Brasile	2022	4268		
A	Annuale	IT	Italia	TDEREG	Cancellati  in anagrafe	TOTAL	Totale	9	Totale	TOTAL	Totale	CA	Canada	2022	1308		
A	Annuale	IT	Italia	TDEREG	Cancellati  in anagrafe	TOTAL	Totale	9	Totale	TOTAL	Totale	CL	Cile	2022	140		
A	Annuale	IT	Italia	TDEREG	Cancellati  in anagrafe	TOTAL	Totale	9	Totale	TOTAL	Totale	CO	Colombia	2022	259		
A	Annuale	IT	Italia	TDEREG	Cancellati  in anagrafe	TOTAL	Totale	9	Totale	TOTAL	Totale	CR	Costa Rica	2022	90		
A	Annuale	IT	Italia	TDEREG	Cancellati  in anagrafe	TOTAL	Totale	9	Totale	TOTAL	Totale	CU	Cuba	2022	205		
A	Annuale	IT	Italia	TDEREG	Cancellati  in anagrafe	TOTAL	Totale	9	Totale	TOTAL	Totale	DM	Dominica	2022	1		
A	Annuale	IT	Italia	TDEREG	Cancellati  in anagrafe	TOTAL	Totale	9	Totale	TOTAL	Totale	DO	Dominicana, Repubblica	2022	405		
A	Annuale	IT	Italia	TDEREG	Cancellati  in anagrafe	TOTAL	Totale	9	Totale	TOTAL	Totale	EC	Ecuador	2022	270		
A	Annuale	IT	Italia	TDEREG	Cancellati  in anagrafe	TOTAL	Totale	9	Totale	TOTAL	Totale	SV	El Salvador	2022	80		
A	Annuale	IT	Italia	TDEREG	Cancellati  in anagrafe	TOTAL	Totale	9	Totale	TOTAL	Totale	JM	Giamaica	2022	10		
A	Annuale	IT	Italia	TDEREG	Cancellati  in anagrafe	TOTAL	Totale	9	Totale	TOTAL	Totale	GT	Guatemala	2022	43		
A	Annuale	IT	Italia	TDEREG	Cancellati  in anagrafe	TOTAL	Totale	9	Totale	TOTAL	Totale	GY	Guyana	2022	1		
A	Annuale	IT	Italia	TDEREG	Cancellati  in anagrafe	TOTAL	Totale	9	Totale	TOTAL	Totale	HT	Haiti	2022	3		
A	Annuale	IT	Italia	TDEREG	Cancellati  in anagrafe	TOTAL	Totale	9	Totale	TOTAL	Totale	HN	Honduras	2022	24		
A	Annuale	IT	Italia	TDEREG	Cancellati  in anagrafe	TOTAL	Totale	9	Totale	TOTAL	Totale	MX	Messico	2022	360		
A	Annuale	IT	Italia	TDEREG	Cancellati  in anagrafe	TOTAL	Totale	9	Totale	TOTAL	Totale	NI	Nicaragua	2022	30		
A	Annuale	IT	Italia	TDEREG	Cancellati  in anagrafe	TOTAL	Totale	9	Totale	TOTAL	Totale	PA	Panama	2022	99		
A	Annuale	IT	Italia	TDEREG	Cancellati  in anagrafe	TOTAL	Totale	9	Totale	TOTAL	Totale	PY	Paraguay	2022	36		
A	Annuale	IT	Italia	TDEREG	Cancellati  in anagrafe	TOTAL	Totale	9	Totale	TOTAL	Totale	PE	Perù	2022	535		
A	Annuale	IT	Italia	TDEREG	Cancellati  in anagrafe	TOTAL	Totale	9	Totale	TOTAL	Totale	LC	Saint Lucia	2022	3		
A	Annuale	IT	Italia	TDEREG	Cancellati  in anagrafe	TOTAL	Totale	9	Totale	TOTAL	Totale	US	'Stati Uniti d"'America'	2022	5334		
A	Annuale	IT	Italia	TDEREG	Cancellati  in anagrafe	TOTAL	Totale	9	Totale	TOTAL	Totale	UY	Uruguay	2022	78		
A	Annuale	IT	Italia	TDEREG	Cancellati  in anagrafe	TOTAL	Totale	9	Totale	TOTAL	Totale	VE	Venezuela	2022	377		
A	Annuale	IT	Italia	TDEREG	Cancellati  in anagrafe	TOTAL	Totale	9	Totale	TOTAL	Totale	X1026	Oceania	2022	2218		
A	Annuale	IT	Italia	TDEREG	Cancellati  in anagrafe	TOTAL	Totale	9	Totale	TOTAL	Totale	AU	Australia	2022	2020		
A	Annuale	IT	Italia	TDEREG	Cancellati  in anagrafe	TOTAL	Totale	9	Totale	TOTAL	Totale	NZ	Nuova Zelanda	2022	193		
A	Annuale	IT	Italia	TDEREG	Cancellati  in anagrafe	TOTAL	Totale	9	Totale	TOTAL	Totale	PG	Papua Nuova Guinea	2022	4		
A	Annuale	IT	Italia	TDEREG	Cancellati  in anagrafe	TOTAL	Totale	9	Totale	TOTAL	Totale	SB	Salomone, Isole	2022	1		
